--HMW3
drop table states;
drop table closings;

CREATE TABLE states
    (abbr varchar2(2), full varchar2(20), population int)
;

INSERT ALL 
    INTO states (abbr, full, population)
         VALUES ('AL', 'Alabama', 4858979)
    INTO states (abbr, full, population)
         VALUES ('AK', 'Alaska', 738432)
    INTO states (abbr, full, population)
         VALUES ('AZ', 'Arizona', 6828065)
    INTO states (abbr, full, population)
         VALUES ('AR', 'Arkansas', 2978204)
    INTO states (abbr, full, population)
         VALUES ('CA', 'California', 39144818)
    INTO states (abbr, full, population)
         VALUES ('CO', 'Colorado', 5456574)
    INTO states (abbr, full, population)
         VALUES ('CT', 'Connecticut', 3590886)
    INTO states (abbr, full, population)
         VALUES ('DE', 'Delaware', 945934)
    INTO states (abbr, full, population)
         VALUES ('DC', 'District of Columbia', 672228)
    INTO states (abbr, full, population)
         VALUES ('FL', 'Florida', 20271272)
    INTO states (abbr, full, population)
         VALUES ('GA', 'Georgia', 10214860)
    INTO states (abbr, full, population)
         VALUES ('HI', 'Hawaii', 1431603)
    INTO states (abbr, full, population)
         VALUES ('ID', 'Idaho', 1654930)
    INTO states (abbr, full, population)
         VALUES ('IL', 'Illinois', 12859995)
    INTO states (abbr, full, population)
         VALUES ('IN', 'Indiana', 6619680)
    INTO states (abbr, full, population)
         VALUES ('IA', 'Iowa', 3123899)
    INTO states (abbr, full, population)
         VALUES ('KS', 'Kansas', 2911641)
    INTO states (abbr, full, population)
         VALUES ('KY', 'Kentucky', 4425092)
    INTO states (abbr, full, population)
         VALUES ('LA', 'Louisiana', 4670724)
    INTO states (abbr, full, population)
         VALUES ('ME', 'Maine', 1329328)
    INTO states (abbr, full, population)
         VALUES ('MD', 'Maryland', 6006401)
    INTO states (abbr, full, population)
         VALUES ('MA', 'Massachusetts', 6794422)
    INTO states (abbr, full, population)
         VALUES ('MI', 'Michigan', 9922576)
    INTO states (abbr, full, population)
         VALUES ('MN', 'Minnesota', 5489594)
    INTO states (abbr, full, population)
         VALUES ('MS', 'Mississippi', 2992333)
    INTO states (abbr, full, population)
         VALUES ('MO', 'Missouri', 6083672)
    INTO states (abbr, full, population)
         VALUES ('MT', 'Montana', 1032949)
    INTO states (abbr, full, population)
         VALUES ('NE', 'Nebraska', 1896190)
    INTO states (abbr, full, population)
         VALUES ('NV', 'Nevada', 2890845)
    INTO states (abbr, full, population)
         VALUES ('NH', 'New Hampshire', 1330608)
    INTO states (abbr, full, population)
         VALUES ('NJ', 'New Jersey', 8958013)
    INTO states (abbr, full, population)
         VALUES ('NM', 'New Mexico', 2085109)
    INTO states (abbr, full, population)
         VALUES ('NY', 'New York', 19795791)
    INTO states (abbr, full, population)
         VALUES ('NC', 'North Carolina', 10042802)
    INTO states (abbr, full, population)
         VALUES ('ND', 'North Dakota', 756927)
    INTO states (abbr, full, population)
         VALUES ('OH', 'Ohio', 11613423)
    INTO states (abbr, full, population)
         VALUES ('OK', 'Oklahoma', 3911338)
    INTO states (abbr, full, population)
         VALUES ('OR', 'Oregon', 4028977)
    INTO states (abbr, full, population)
         VALUES ('PA', 'Pennsylvania', 12802503)
    INTO states (abbr, full, population)
         VALUES ('RI', 'Rhode Island', 1056298)
    INTO states (abbr, full, population)
         VALUES ('SC', 'South Carolina', 4896146)
    INTO states (abbr, full, population)
         VALUES ('SD', 'South Dakota', 858469)
    INTO states (abbr, full, population)
         VALUES ('TN', 'Tennessee', 6600299)
    INTO states (abbr, full, population)
         VALUES ('TX', 'Texas', 27469114)
    INTO states (abbr, full, population)
         VALUES ('UT', 'Utah', 2995919)
    INTO states (abbr, full, population)
         VALUES ('VT', 'Vermont', 626042)
    INTO states (abbr, full, population)
         VALUES ('VA', 'Virginia', 8382993)
    INTO states (abbr, full, population)
         VALUES ('WA', 'Washington', 7170351)
    INTO states (abbr, full, population)
         VALUES ('WV', 'West Virginia', 1844128)
    INTO states (abbr, full, population)
         VALUES ('WI', 'Wisconsin', 5771337)
    INTO states (abbr, full, population)
         VALUES ('WY', 'Wyoming', 586107)
SELECT * FROM dual
;

CREATE TABLE closings
    (City varchar2(21), State varchar2(2), Brand varchar2(8))
;

INSERT ALL 
    INTO closings (City, State, Brand)
         VALUES ('Auburn', 'AL', 'JCPennys')
    INTO closings (City, State, Brand)
         VALUES ('Bessemer', 'AL', 'JCPennys')
    INTO closings (City, State, Brand)
         VALUES ('Gadsden', 'AL', 'JCPennys')
    INTO closings (City, State, Brand)
         VALUES ('Jasper', 'AL', 'JCPennys')
    INTO closings (City, State, Brand)
         VALUES ('Benton', 'AR', 'JCPennys')
    INTO closings (City, State, Brand)
         VALUES ('Blytheville', 'AR', 'JCPennys')
    INTO closings (City, State, Brand)
         VALUES ('Bullhead City', 'AZ', 'JCPennys')
    INTO closings (City, State, Brand)
         VALUES ('Bishop', 'CA', 'JCPennys')
    INTO closings (City, State, Brand)
         VALUES ('Lodi', 'CA', 'JCPennys')
    INTO closings (City, State, Brand)
         VALUES ('Orange', 'CA', 'JCPennys')
    INTO closings (City, State, Brand)
         VALUES ('Richmond', 'CA', 'JCPennys')
    INTO closings (City, State, Brand)
         VALUES ('Fort Morgan', 'CO', 'JCPennys')
    INTO closings (City, State, Brand)
         VALUES ('Glenwood Springs', 'CO', 'JCPennys')
    INTO closings (City, State, Brand)
         VALUES ('Longmont', 'CO', 'JCPennys')
    INTO closings (City, State, Brand)
         VALUES ('Sterling', 'CO', 'JCPennys')
    INTO closings (City, State, Brand)
         VALUES ('Milford', 'CT', 'JCPennys')
    INTO closings (City, State, Brand)
         VALUES ('Jacksonville', 'FL', 'JCPennys')
    INTO closings (City, State, Brand)
         VALUES ('Palatka', 'FL', 'JCPennys')
    INTO closings (City, State, Brand)
         VALUES ('Dublin', 'GA', 'JCPennys')
    INTO closings (City, State, Brand)
         VALUES ('Macon', 'GA', 'JCPennys')
    INTO closings (City, State, Brand)
         VALUES ('Milledgeville', 'GA', 'JCPennys')
    INTO closings (City, State, Brand)
         VALUES ('Thomasville', 'GA', 'JCPennys')
    INTO closings (City, State, Brand)
         VALUES ('Tifton', 'GA', 'JCPennys')
    INTO closings (City, State, Brand)
         VALUES ('Decorah', 'IA', 'JCPennys')
    INTO closings (City, State, Brand)
         VALUES ('Fort Dodge', 'IA', 'JCPennys')
    INTO closings (City, State, Brand)
         VALUES ('Oskaloosa', 'IA', 'JCPennys')
    INTO closings (City, State, Brand)
         VALUES ('Ottumwa', 'IA', 'JCPennys')
    INTO closings (City, State, Brand)
         VALUES ('Burley', 'ID', 'JCPennys')
    INTO closings (City, State, Brand)
         VALUES ('Bloomington', 'IL', 'JCPennys')
    INTO closings (City, State, Brand)
         VALUES ('Canton', 'IL', 'JCPennys')
    INTO closings (City, State, Brand)
         VALUES ('Effingham', 'IL', 'JCPennys')
    INTO closings (City, State, Brand)
         VALUES ('Macomb', 'IL', 'JCPennys')
    INTO closings (City, State, Brand)
         VALUES ('Peru', 'IL', 'JCPennys')
    INTO closings (City, State, Brand)
         VALUES ('Sterling', 'IL', 'JCPennys')
    INTO closings (City, State, Brand)
         VALUES ('Woodridge', 'IL', 'JCPennys')
    INTO closings (City, State, Brand)
         VALUES ('Columbus', 'IN', 'JCPennys')
    INTO closings (City, State, Brand)
         VALUES ('Connersville', 'IN', 'JCPennys')
    INTO closings (City, State, Brand)
         VALUES ('Huntington', 'IN', 'JCPennys')
    INTO closings (City, State, Brand)
         VALUES ('Jasper', 'IN', 'JCPennys')
    INTO closings (City, State, Brand)
         VALUES ('Logansport', 'IN', 'JCPennys')
    INTO closings (City, State, Brand)
         VALUES ('Chanute', 'KS', 'JCPennys')
    INTO closings (City, State, Brand)
         VALUES ('Great Bend', 'KS', 'JCPennys')
    INTO closings (City, State, Brand)
         VALUES ('Hutchinson', 'KS', 'JCPennys')
    INTO closings (City, State, Brand)
         VALUES ('Lawrence', 'KS', 'JCPennys')
    INTO closings (City, State, Brand)
         VALUES ('Winfield', 'KS', 'JCPennys')
    INTO closings (City, State, Brand)
         VALUES ('Baton Rouge', 'LA', 'JCPennys')
    INTO closings (City, State, Brand)
         VALUES ('DeRidder', 'LA', 'JCPennys')
    INTO closings (City, State, Brand)
         VALUES ('Slidell', 'LA', 'JCPennys')
    INTO closings (City, State, Brand)
         VALUES ('Lanesborough', 'MA', 'JCPennys')
    INTO closings (City, State, Brand)
         VALUES ('Easton', 'MD', 'JCPennys')
    INTO closings (City, State, Brand)
         VALUES ('Rockland', 'ME', 'JCPennys')
    INTO closings (City, State, Brand)
         VALUES ('Battle Creek', 'MI', 'JCPennys')
    INTO closings (City, State, Brand)
         VALUES ('Escanaba', 'MI', 'JCPennys')
    INTO closings (City, State, Brand)
         VALUES ('Holland', 'MI', 'JCPennys')
    INTO closings (City, State, Brand)
         VALUES ('Houghton', 'MI', 'JCPennys')
    INTO closings (City, State, Brand)
         VALUES ('Kingsford', 'MI', 'JCPennys')
    INTO closings (City, State, Brand)
         VALUES ('Midland', 'MI', 'JCPennys')
    INTO closings (City, State, Brand)
         VALUES ('Sault Ste. Marie', 'MI', 'JCPennys')
    INTO closings (City, State, Brand)
         VALUES ('Baxter', 'MN', 'JCPennys')
    INTO closings (City, State, Brand)
         VALUES ('Fairmont', 'MN', 'JCPennys')
    INTO closings (City, State, Brand)
         VALUES ('Faribault', 'MN', 'JCPennys')
    INTO closings (City, State, Brand)
         VALUES ('Hibbing', 'MN', 'JCPennys')
    INTO closings (City, State, Brand)
         VALUES ('Hutchinson', 'MN', 'JCPennys')
    INTO closings (City, State, Brand)
         VALUES ('Red Wing', 'MN', 'JCPennys')
    INTO closings (City, State, Brand)
         VALUES ('Thief River Falls', 'MN', 'JCPennys')
    INTO closings (City, State, Brand)
         VALUES ('Winona', 'MN', 'JCPennys')
    INTO closings (City, State, Brand)
         VALUES ('Maryville', 'MO', 'JCPennys')
    INTO closings (City, State, Brand)
         VALUES ('Columbus', 'MS', 'JCPennys')
    INTO closings (City, State, Brand)
         VALUES ('Corinth', 'MS', 'JCPennys')
    INTO closings (City, State, Brand)
         VALUES ('Greenville', 'MS', 'JCPennys')
    INTO closings (City, State, Brand)
         VALUES ('Meridian', 'MS', 'JCPennys')
    INTO closings (City, State, Brand)
         VALUES ('Oxford', 'MS', 'JCPennys')
    INTO closings (City, State, Brand)
         VALUES ('Helena', 'MT', 'JCPennys')
    INTO closings (City, State, Brand)
         VALUES ('Sidney', 'MT', 'JCPennys')
    INTO closings (City, State, Brand)
         VALUES ('Albemarle', 'NC', 'JCPennys')
    INTO closings (City, State, Brand)
         VALUES ('Boone', 'NC', 'JCPennys')
    INTO closings (City, State, Brand)
         VALUES ('Gastonia', 'NC', 'JCPennys')
    INTO closings (City, State, Brand)
         VALUES ('Hendersonville', 'NC', 'JCPennys')
    INTO closings (City, State, Brand)
         VALUES ('Monroe', 'NC', 'JCPennys')
    INTO closings (City, State, Brand)
         VALUES ('Roanoke Rapids', 'NC', 'JCPennys')
    INTO closings (City, State, Brand)
         VALUES ('Dickinson', 'ND', 'JCPennys')
    INTO closings (City, State, Brand)
         VALUES ('Jamestown', 'ND', 'JCPenney')
    INTO closings (City, State, Brand)
         VALUES ('Wahpeton', 'ND', 'JCPenney')
    INTO closings (City, State, Brand)
         VALUES ('Fremont', 'NE', 'JCPenney')
    INTO closings (City, State, Brand)
         VALUES ('McCook', 'NE', 'JCPenney')
    INTO closings (City, State, Brand)
         VALUES ('North Platte', 'NE', 'JCPenney')
    INTO closings (City, State, Brand)
         VALUES ('Rio Grande', 'NJ', 'JCPenney')
    INTO closings (City, State, Brand)
         VALUES ('Las Vegas', 'NV', 'JCPenney')
    INTO closings (City, State, Brand)
         VALUES ('Dunkirk', 'NY', 'JCPenney')
    INTO closings (City, State, Brand)
         VALUES ('Massapequa', 'NY', 'JCPenney')
    INTO closings (City, State, Brand)
         VALUES ('West Nyack', 'NY', 'JCPenney')
    INTO closings (City, State, Brand)
         VALUES ('Findlay', 'OH', 'JCPenney')
    INTO closings (City, State, Brand)
         VALUES ('New Philadelphia', 'OH', 'JCPenney')
    INTO closings (City, State, Brand)
         VALUES ('Richmond Heights', 'OH', 'JCPenney')
    INTO closings (City, State, Brand)
         VALUES ('St. Marys', 'OH', 'JCPenney')
    INTO closings (City, State, Brand)
         VALUES ('Altus', 'OK', 'JCPenney')
    INTO closings (City, State, Brand)
         VALUES ('Claremore', 'OK', 'JCPenney')
    INTO closings (City, State, Brand)
         VALUES ('Ponca City', 'OK', 'JCPenney')
    INTO closings (City, State, Brand)
         VALUES ('Stillwater', 'OK', 'JCPenney')
    INTO closings (City, State, Brand)
         VALUES ('Astoria', 'OR', 'JCPenney')
    INTO closings (City, State, Brand)
         VALUES ('Grants Pass', 'OR', 'JCPenney')
    INTO closings (City, State, Brand)
         VALUES ('La Grande', 'OR', 'JCPenney')
    INTO closings (City, State, Brand)
         VALUES ('Pendleton', 'OR', 'JCPenney')
    INTO closings (City, State, Brand)
         VALUES ('The Dalles', 'OR', 'JCPenney')
    INTO closings (City, State, Brand)
         VALUES ('Bloomsburg', 'PA', 'JCPenney')
    INTO closings (City, State, Brand)
         VALUES ('Clearfield', 'PA', 'JCPenney')
    INTO closings (City, State, Brand)
         VALUES ('King of Prussia', 'PA', 'JCPenney')
    INTO closings (City, State, Brand)
         VALUES ('Philadelphia', 'PA', 'JCPenney')
    INTO closings (City, State, Brand)
         VALUES ('Towanda', 'PA', 'JCPenney')
    INTO closings (City, State, Brand)
         VALUES ('Pennsdale', 'PA', 'JCPenney')
    INTO closings (City, State, Brand)
         VALUES ('Willow Grove', 'PA', 'JCPenney')
    INTO closings (City, State, Brand)
         VALUES ('Charleston', 'SC', 'JCPenney')
    INTO closings (City, State, Brand)
         VALUES ('Easley', 'SC', 'JCPenney')
    INTO closings (City, State, Brand)
         VALUES ('Mitchell', 'SD', 'JCPenney')
    INTO closings (City, State, Brand)
         VALUES ('Pierre', 'SD', 'JCPenney')
    INTO closings (City, State, Brand)
         VALUES ('Watertown', 'SD', 'JCPenney')
    INTO closings (City, State, Brand)
         VALUES ('Yankton', 'SD', 'JCPenney')
    INTO closings (City, State, Brand)
         VALUES ('Greeneville', 'TN', 'JCPenney')
    INTO closings (City, State, Brand)
         VALUES ('Knoxville', 'TN', 'JCPenney')
    INTO closings (City, State, Brand)
         VALUES ('Union City', 'TN', 'JCPenney')
    INTO closings (City, State, Brand)
         VALUES ('Athens', 'TX', 'JCPenney')
    INTO closings (City, State, Brand)
         VALUES ('Borger', 'TX', 'JCPenney')
    INTO closings (City, State, Brand)
         VALUES ('Early', 'TX', 'JCPenney')
    INTO closings (City, State, Brand)
         VALUES ('El Paso', 'TX', 'JCPenney')
    INTO closings (City, State, Brand)
         VALUES ('Marshall', 'TX', 'JCPenney')
    INTO closings (City, State, Brand)
         VALUES ('McAllen', 'TX', 'JCPenney')
    INTO closings (City, State, Brand)
         VALUES ('Nacogdoches', 'TX', 'JCPenney')
    INTO closings (City, State, Brand)
         VALUES ('Seguin', 'TX', 'JCPenney')
    INTO closings (City, State, Brand)
         VALUES ('Stephenville', 'TX', 'JCPenney')
    INTO closings (City, State, Brand)
         VALUES ('Christiansburg', 'VA', 'JCPenney')
    INTO closings (City, State, Brand)
         VALUES ('Roanoke', 'VA', 'JCPenney')
    INTO closings (City, State, Brand)
         VALUES ('Snohomish', 'WA', 'JCPenney')
    INTO closings (City, State, Brand)
         VALUES ('Marinette', 'WI', 'JCPenney')
    INTO closings (City, State, Brand)
         VALUES ('Marshfield', 'WI', 'JCPenney')
    INTO closings (City, State, Brand)
         VALUES ('Richland Center', 'WI', 'JCPenney')
    INTO closings (City, State, Brand)
         VALUES ('Wisconsin Rapids', 'WI', 'JCPenney')
    INTO closings (City, State, Brand)
         VALUES ('Martinsburg', 'WV', 'JCPenney')
    INTO closings (City, State, Brand)
         VALUES ('Sheridan', 'WY', 'JCPenney')
    INTO closings (City, State, Brand)
         VALUES ('Jasper', 'AL', 'Kmart')
    INTO closings (City, State, Brand)
         VALUES ('Phenix City', 'AL', 'Kmart')
    INTO closings (City, State, Brand)
         VALUES ('Bakersfield', 'CA', 'Kmart')
    INTO closings (City, State, Brand)
         VALUES ('Coalinga', 'CA', 'Kmart')
    INTO closings (City, State, Brand)
         VALUES ('Kingsburg', 'CA', 'Kmart')
    INTO closings (City, State, Brand)
         VALUES ('Riverside', 'CA', 'Kmart')
    INTO closings (City, State, Brand)
         VALUES ('Denver', 'CO', 'Kmart')
    INTO closings (City, State, Brand)
         VALUES ('Grand Junction', 'CO', 'Kmart')
    INTO closings (City, State, Brand)
         VALUES ('Cromwell', 'CT', 'Kmart')
    INTO closings (City, State, Brand)
         VALUES ('Sarasota', 'FL', 'Kmart')
    INTO closings (City, State, Brand)
         VALUES ('Crystal River', 'FL', 'Kmart')
    INTO closings (City, State, Brand)
         VALUES ('Fort Myers', 'FL', 'Kmart')
    INTO closings (City, State, Brand)
         VALUES ('Fort Pierce', 'FL', 'Kmart')
    INTO closings (City, State, Brand)
         VALUES ('Jacksonville', 'FL', 'Kmart')
    INTO closings (City, State, Brand)
         VALUES ('Kissimmee', 'FL', 'Kmart')
    INTO closings (City, State, Brand)
         VALUES ('Port Charlotte', 'FL', 'Kmart')
    INTO closings (City, State, Brand)
         VALUES ('Naples', 'FL', 'Kmart')
    INTO closings (City, State, Brand)
         VALUES ('Palatka', 'FL', 'Kmart')
    INTO closings (City, State, Brand)
         VALUES ('Columbus', 'GA', 'Kmart')
    INTO closings (City, State, Brand)
         VALUES ('Cornelia', 'GA', 'Kmart')
    INTO closings (City, State, Brand)
         VALUES ('Kingsland', 'GA', 'Kmart')
    INTO closings (City, State, Brand)
         VALUES ('Savannah', 'GA', 'Kmart')
    INTO closings (City, State, Brand)
         VALUES ('Halawa / Honolullu', 'HI', 'Kmart')
    INTO closings (City, State, Brand)
         VALUES ('Dubuque', 'IA', 'Kmart')
    INTO closings (City, State, Brand)
         VALUES ('Sioux City', 'IA', 'Kmart')
    INTO closings (City, State, Brand)
         VALUES ('Waterloo', 'IA', 'Kmart')
    INTO closings (City, State, Brand)
         VALUES ('Alton', 'IL', 'Kmart')
    INTO closings (City, State, Brand)
         VALUES ('Granite City', 'IL', 'Kmart')
    INTO closings (City, State, Brand)
         VALUES ('Chesterton', 'IN', 'Kmart')
    INTO closings (City, State, Brand)
         VALUES ('La Porte', 'IN', 'Kmart')
    INTO closings (City, State, Brand)
         VALUES ('Leavenworth', 'KS', 'Kmart')
    INTO closings (City, State, Brand)
         VALUES ('Wichita', 'KS', 'Kmart')
    INTO closings (City, State, Brand)
         VALUES ('Louisville', 'KY', 'Kmart')
    INTO closings (City, State, Brand)
         VALUES ('Bowling Green', 'KY', 'Kmart')
    INTO closings (City, State, Brand)
         VALUES ('Corbin', 'KY', 'Kmart')
    INTO closings (City, State, Brand)
         VALUES ('Georgetown', 'KY', 'Kmart')
    INTO closings (City, State, Brand)
         VALUES ('Hopkinsville', 'KY', 'Kmart')
    INTO closings (City, State, Brand)
         VALUES ('London', 'KY', 'Kmart')
    INTO closings (City, State, Brand)
         VALUES ('Owensboro', 'KY', 'Kmart')
    INTO closings (City, State, Brand)
         VALUES ('Gonzales', 'LA', 'Kmart')
    INTO closings (City, State, Brand)
         VALUES ('New Orleans', 'LA', 'Kmart')
    INTO closings (City, State, Brand)
         VALUES ('Fairhaven', 'MA', 'Kmart')
    INTO closings (City, State, Brand)
         VALUES ('South Attleboro', 'MA', 'Kmart')
    INTO closings (City, State, Brand)
         VALUES ('Baltimore', 'MD', 'Kmart')
    INTO closings (City, State, Brand)
         VALUES ('Bangor', 'ME', 'Kmart')
    INTO closings (City, State, Brand)
         VALUES ('Garden City', 'MI', 'Kmart')
    INTO closings (City, State, Brand)
         VALUES ('Jackson', 'MI', 'Kmart')
    INTO closings (City, State, Brand)
         VALUES ('Adrian', 'MI', 'Kmart')
    INTO closings (City, State, Brand)
         VALUES ('Lansing', 'MI', 'Kmart')
    INTO closings (City, State, Brand)
         VALUES ('Muskegon', 'MI', 'Kmart')
    INTO closings (City, State, Brand)
         VALUES ('Plymouth', 'MI', 'Kmart')
    INTO closings (City, State, Brand)
         VALUES ('Roseville', 'MI', 'Kmart')
    INTO closings (City, State, Brand)
         VALUES ('Waterford', 'MI', 'Kmart')
    INTO closings (City, State, Brand)
         VALUES ('Westland', 'MI', 'Kmart')
    INTO closings (City, State, Brand)
         VALUES ('Acme Township', 'MI', 'Kmart')
    INTO closings (City, State, Brand)
         VALUES ('Detroit Lakes', 'MN', 'Kmart')
    INTO closings (City, State, Brand)
         VALUES ('Branson', 'MO', 'Kmart')
    INTO closings (City, State, Brand)
         VALUES ('Jefferson City', 'MO', 'Kmart')
    INTO closings (City, State, Brand)
         VALUES ('Rolla', 'MO', 'Kmart')
    INTO closings (City, State, Brand)
         VALUES ('Springfield', 'MO', 'Kmart')
    INTO closings (City, State, Brand)
         VALUES ('St Louis', 'MO', 'Kmart')
    INTO closings (City, State, Brand)
         VALUES ('Concord', 'NC', 'Kmart')
    INTO closings (City, State, Brand)
         VALUES ('Fayetteville', 'NC', 'Kmart')
    INTO closings (City, State, Brand)
         VALUES ('Goldsboro', 'NC', 'Kmart')
    INTO closings (City, State, Brand)
         VALUES ('Madison', 'NC', 'Kmart')
    INTO closings (City, State, Brand)
         VALUES ('Wilmington', 'NC', 'Kmart')
    INTO closings (City, State, Brand)
         VALUES ('Clementon', 'NJ', 'Kmart')
    INTO closings (City, State, Brand)
         VALUES ('East Brunswick', 'NJ', 'Kmart')
    INTO closings (City, State, Brand)
         VALUES ('Pleasantville', 'NJ', 'Kmart')
    INTO closings (City, State, Brand)
         VALUES ('Rio Grande', 'NJ', 'Kmart')
    INTO closings (City, State, Brand)
         VALUES ('Henderson', 'NV', 'Kmart')
    INTO closings (City, State, Brand)
         VALUES ('New Hartford', 'NY', 'Kmart')
    INTO closings (City, State, Brand)
         VALUES ('Mount Vernon', 'OH', 'Kmart')
    INTO closings (City, State, Brand)
         VALUES ('Gallipolis', 'OH', 'Kmart')
    INTO closings (City, State, Brand)
         VALUES ('Kenton', 'OH', 'Kmart')
    INTO closings (City, State, Brand)
         VALUES ('New Boston', 'OH', 'Kmart')
    INTO closings (City, State, Brand)
         VALUES ('Reynoldsburg', 'OH', 'Kmart')
    INTO closings (City, State, Brand)
         VALUES ('St. Clairsville', 'OH', 'Kmart')
    INTO closings (City, State, Brand)
         VALUES ('Zanesville', 'OH', 'Kmart')
    INTO closings (City, State, Brand)
         VALUES ('Muskogee', 'OK', 'Kmart')
    INTO closings (City, State, Brand)
         VALUES ('Dubois', 'PA', 'Kmart')
    INTO closings (City, State, Brand)
         VALUES ('Erie', 'PA', 'Kmart')
    INTO closings (City, State, Brand)
         VALUES ('Lancaster', 'PA', 'Kmart')
    INTO closings (City, State, Brand)
         VALUES ('Mechanicsburg', 'PA', 'Kmart')
    INTO closings (City, State, Brand)
         VALUES ('Monroeville', 'PA', 'Kmart')
    INTO closings (City, State, Brand)
         VALUES ('Mt. Pleasant', 'PA', 'Kmart')
    INTO closings (City, State, Brand)
         VALUES ('Anderson', 'SC', 'Kmart')
    INTO closings (City, State, Brand)
         VALUES ('Greenwood', 'SC', 'Kmart')
    INTO closings (City, State, Brand)
         VALUES ('North Charleston', 'SC', 'Kmart')
    INTO closings (City, State, Brand)
         VALUES ('Sioux Falls', 'SD', 'Kmart')
    INTO closings (City, State, Brand)
         VALUES ('Morristown', 'TN', 'Kmart')
    INTO closings (City, State, Brand)
         VALUES ('El Paso', 'TX', 'Kmart')
    INTO closings (City, State, Brand)
         VALUES ('El Paso', 'TX', 'Kmart')
    INTO closings (City, State, Brand)
         VALUES ('Killeen', 'TX', 'Kmart')
    INTO closings (City, State, Brand)
         VALUES ('Lufkin', 'TX', 'Kmart')
    INTO closings (City, State, Brand)
         VALUES ('Vernal', 'UT', 'Kmart')
    INTO closings (City, State, Brand)
         VALUES ('Layton', 'UT', 'Kmart')
    INTO closings (City, State, Brand)
         VALUES ('Roanoke', 'VA', 'Kmart')
    INTO closings (City, State, Brand)
         VALUES ('Fredericksburg', 'VA', 'Kmart')
    INTO closings (City, State, Brand)
         VALUES ('Norfolk', 'VA', 'Kmart')
    INTO closings (City, State, Brand)
         VALUES ('Salem', 'VA', 'Kmart')
    INTO closings (City, State, Brand)
         VALUES ('Tacoma', 'WA', 'Kmart')
    INTO closings (City, State, Brand)
         VALUES ('Platteville', 'WI', 'Kmart')
    INTO closings (City, State, Brand)
         VALUES ('Racine', 'WI', 'Kmart')
    INTO closings (City, State, Brand)
         VALUES ('Elkins', 'WV', 'Kmart')
    INTO closings (City, State, Brand)
         VALUES ('Parkersburg', 'WV', 'Kmart')
    INTO closings (City, State, Brand)
         VALUES ('Weirton', 'WV', 'Kmart')
    INTO closings (City, State, Brand)
         VALUES ('Cheyenne', 'WY', 'Kmart')
    INTO closings (City, State, Brand)
         VALUES ('San Diego', 'CA', 'Macy''s')
    INTO closings (City, State, Brand)
         VALUES ('Santa Barbara', 'CA', 'Macy''s')
    INTO closings (City, State, Brand)
         VALUES ('North Hollywood', 'CA', 'Macy''s')
    INTO closings (City, State, Brand)
         VALUES ('Simi Valley', 'CA', 'Macy''s')
    INTO closings (City, State, Brand)
         VALUES ('Lakeland', 'FL', 'Macy''s')
    INTO closings (City, State, Brand)
         VALUES ('Oviedo', 'FL', 'Macy''s')
    INTO closings (City, State, Brand)
         VALUES ('Sarasota', 'FL', 'Macy''s')
    INTO closings (City, State, Brand)
         VALUES ('Tampa', 'FL', 'Macy''s')
    INTO closings (City, State, Brand)
         VALUES ('West Palm Beach', 'FL', 'Macy''s')
    INTO closings (City, State, Brand)
         VALUES ('Athens', 'GA', 'Macy''s')
    INTO closings (City, State, Brand)
         VALUES ('Honolulu', 'HI', 'Macy''s')
    INTO closings (City, State, Brand)
         VALUES ('Nampa', 'ID', 'Macy''s')
    INTO closings (City, State, Brand)
         VALUES ('Alton', 'IL', 'Macy''s')
    INTO closings (City, State, Brand)
         VALUES ('Bloomingdale', 'IL', 'Macy''s')
    INTO closings (City, State, Brand)
         VALUES ('Bloomington', 'IL', 'Macy''s')
    INTO closings (City, State, Brand)
         VALUES ('Louisville', 'KY', 'Macy''s')
    INTO closings (City, State, Brand)
         VALUES ('Bowling Green', 'KY', 'Macy''s')
    INTO closings (City, State, Brand)
         VALUES ('Kenner', 'LA', 'Macy''s')
    INTO closings (City, State, Brand)
         VALUES ('Brockton', 'MA', 'Macy''s')
    INTO closings (City, State, Brand)
         VALUES ('Taunton', 'MA', 'Macy''s')
    INTO closings (City, State, Brand)
         VALUES ('Bangor', 'ME', 'Macy''s')
    INTO closings (City, State, Brand)
         VALUES ('Battle Creek', 'MI', 'Macy''s')
    INTO closings (City, State, Brand)
         VALUES ('Harper Woods', 'MI', 'Macy''s')
    INTO closings (City, State, Brand)
         VALUES ('Lansing', 'MI', 'Macy''s')
    INTO closings (City, State, Brand)
         VALUES ('Westland', 'MI', 'Macy''s')
    INTO closings (City, State, Brand)
         VALUES ('Minneapolis', 'MN', 'Macy''s')
    INTO closings (City, State, Brand)
         VALUES ('Durham', 'NC', 'Macy''s')
    INTO closings (City, State, Brand)
         VALUES ('Pineville', 'NC', 'Macy''s')
    INTO closings (City, State, Brand)
         VALUES ('Grand Forks', 'ND', 'Macy''s')
    INTO closings (City, State, Brand)
         VALUES ('Moorestown', 'NJ', 'Macy''s')
    INTO closings (City, State, Brand)
         VALUES ('Voorhees', 'NJ', 'Macy''s')
    INTO closings (City, State, Brand)
         VALUES ('Wayne', 'NJ', 'Macy''s')
    INTO closings (City, State, Brand)
         VALUES ('Albuquerque', 'NM', 'Macy''s')
    INTO closings (City, State, Brand)
         VALUES ('Las Vegas', 'NV', 'Macy''s')
    INTO closings (City, State, Brand)
         VALUES ('Clay', 'NY', 'Macy''s')
    INTO closings (City, State, Brand)
         VALUES ('Johnson City', 'NY', 'Macy''s')
    INTO closings (City, State, Brand)
         VALUES ('Rochester', 'NY', 'Macy''s')
    INTO closings (City, State, Brand)
         VALUES ('Douglaston', 'NY', 'Macy''s')
    INTO closings (City, State, Brand)
         VALUES ('Columbus', 'OH', 'Macy''s')
    INTO closings (City, State, Brand)
         VALUES ('Sandusky', 'OH', 'Macy''s')
    INTO closings (City, State, Brand)
         VALUES ('Steubenville', 'OH', 'Macy''s')
    INTO closings (City, State, Brand)
         VALUES ('Dublin', 'OH', 'Macy''s')
    INTO closings (City, State, Brand)
         VALUES ('Tulsa', 'OK', 'Macy''s')
    INTO closings (City, State, Brand)
         VALUES ('Portland', 'OR', 'Macy''s')
    INTO closings (City, State, Brand)
         VALUES ('Salem', 'OR', 'Macy''s')
    INTO closings (City, State, Brand)
         VALUES ('Washington', 'PA', 'Macy''s')
    INTO closings (City, State, Brand)
         VALUES ('Bensalem', 'PA', 'Macy''s')
    INTO closings (City, State, Brand)
         VALUES ('Hermitage', 'PA', 'Macy''s')
    INTO closings (City, State, Brand)
         VALUES ('Monaca', 'PA', 'Macy''s')
    INTO closings (City, State, Brand)
         VALUES ('Muncy', 'PA', 'Macy''s')
    INTO closings (City, State, Brand)
         VALUES ('Plymouth Meeting', 'PA', 'Macy''s')
    INTO closings (City, State, Brand)
         VALUES ('Beaumont', 'TX', 'Macy''s')
    INTO closings (City, State, Brand)
         VALUES ('Dallas', 'TX', 'Macy''s')
    INTO closings (City, State, Brand)
         VALUES ('El Paso', 'TX', 'Macy''s')
    INTO closings (City, State, Brand)
         VALUES ('Houston', 'TX', 'Macy''s')
    INTO closings (City, State, Brand)
         VALUES ('Houston', 'TX', 'Macy''s')
    INTO closings (City, State, Brand)
         VALUES ('Pasadena', 'TX', 'Macy''s')
    INTO closings (City, State, Brand)
         VALUES ('Plano', 'TX', 'Macy''s')
    INTO closings (City, State, Brand)
         VALUES ('Tyler', 'TX', 'Macy''s')
    INTO closings (City, State, Brand)
         VALUES ('Layton', 'UT', 'Macy''s')
    INTO closings (City, State, Brand)
         VALUES ('Salt Lake City', 'UT', 'Macy''s')
    INTO closings (City, State, Brand)
         VALUES ('West Valley City', 'UT', 'Macy''s')
    INTO closings (City, State, Brand)
         VALUES ('Alexandria', 'VA', 'Macy''s')
    INTO closings (City, State, Brand)
         VALUES ('Lynchburg', 'VA', 'Macy''s')
    INTO closings (City, State, Brand)
         VALUES ('Everett', 'WA', 'Macy''s')
    INTO closings (City, State, Brand)
         VALUES ('Kelso', 'WA', 'Macy''s')
    INTO closings (City, State, Brand)
         VALUES ('La Crosse', 'WI', 'Macy''s')
    INTO closings (City, State, Brand)
         VALUES ('Eau Claire', 'WI', 'Macy''s')
    INTO closings (City, State, Brand)
         VALUES ('Florence', 'AL', 'Sears')
    INTO closings (City, State, Brand)
         VALUES ('Jonesboro', 'AR', 'Sears')
    INTO closings (City, State, Brand)
         VALUES ('Enfield', 'CT', 'Sears')
    INTO closings (City, State, Brand)
         VALUES ('Lake Wales', 'FL', 'Sears')
    INTO closings (City, State, Brand)
         VALUES ('Albany', 'GA', 'Sears')
    INTO closings (City, State, Brand)
         VALUES ('Columbus', 'GA', 'Sears')
    INTO closings (City, State, Brand)
         VALUES ('Kokomo', 'IN', 'Sears')
    INTO closings (City, State, Brand)
         VALUES ('Salina', 'KS', 'Sears')
    INTO closings (City, State, Brand)
         VALUES ('Paducah', 'KY', 'Sears')
    INTO closings (City, State, Brand)
         VALUES ('Baton Rouge / Cortana', 'LA', 'Sears')
    INTO closings (City, State, Brand)
         VALUES ('Gretna', 'LA', 'Sears')
    INTO closings (City, State, Brand)
         VALUES ('Swansea', 'MA', 'Sears')
    INTO closings (City, State, Brand)
         VALUES ('Augusta', 'ME', 'Sears')
    INTO closings (City, State, Brand)
         VALUES ('Grand Rapids', 'MI', 'Sears')
    INTO closings (City, State, Brand)
         VALUES ('Coon Rapids', 'MN', 'Sears')
    INTO closings (City, State, Brand)
         VALUES ('Mankato', 'MN', 'Sears')
    INTO closings (City, State, Brand)
         VALUES ('Jefferson Cty', 'MO', 'Sears')
    INTO closings (City, State, Brand)
         VALUES ('Saint Joseph', 'MO', 'Sears')
    INTO closings (City, State, Brand)
         VALUES ('Fargo', 'ND', 'Sears')
    INTO closings (City, State, Brand)
         VALUES ('Roswell', 'NM', 'Sears')
    INTO closings (City, State, Brand)
         VALUES ('Amherst', 'NY', 'Sears')
    INTO closings (City, State, Brand)
         VALUES ('Cheektowaga', 'NY', 'Sears')
    INTO closings (City, State, Brand)
         VALUES ('Middletown', 'NY', 'Sears')
    INTO closings (City, State, Brand)
         VALUES ('Rego Park', 'NY', 'Sears')
    INTO closings (City, State, Brand)
         VALUES ('Akron', 'OH', 'Sears')
    INTO closings (City, State, Brand)
         VALUES ('Chillicothe', 'OH', 'Sears')
    INTO closings (City, State, Brand)
         VALUES ('Lancaster', 'OH', 'Sears')
    INTO closings (City, State, Brand)
         VALUES ('Richmond Hts', 'OH', 'Sears')
    INTO closings (City, State, Brand)
         VALUES ('Lawton', 'OK', 'Sears')
    INTO closings (City, State, Brand)
         VALUES ('Tulsa', 'OK', 'Sears')
    INTO closings (City, State, Brand)
         VALUES ('Selinsgrove', 'PA', 'Sears')
    INTO closings (City, State, Brand)
         VALUES ('Uniontown', 'PA', 'Sears')
    INTO closings (City, State, Brand)
         VALUES ('Camp Hill', 'PA', 'Sears')
    INTO closings (City, State, Brand)
         VALUES ('Hermitage/Sharon', 'PA', 'Sears')
    INTO closings (City, State, Brand)
         VALUES ('Woonsocket', 'RI', 'Sears')
    INTO closings (City, State, Brand)
         VALUES ('Florence', 'SC', 'Sears')
    INTO closings (City, State, Brand)
         VALUES ('Kingsport', 'TN', 'Sears')
    INTO closings (City, State, Brand)
         VALUES ('Odessa', 'TX', 'Sears')
    INTO closings (City, State, Brand)
         VALUES ('Bristol', 'VA', 'Sears')
    INTO closings (City, State, Brand)
         VALUES ('Lynnwood', 'WA', 'Sears')
    INTO closings (City, State, Brand)
         VALUES ('Charleston', 'WV', 'Sears')
    INTO closings (City, State, Brand)
         VALUES ('Bridgeport', 'WV', 'Sears')
SELECT * FROM dual
;
commit;



-- ERIC AGYEMANG
-- IT 478 ADVANCED DATABASE PROCESSING
--HMW# 3

SET ECHO ON;
--1. Create a procedure that, when given a 2 character state abbreviation, and a population will change the state's population to the one provided.
CREATE OR REPLACE PROCEDURE state_pop_change
(
state_abbr_param VARCHAR2,
new_pop_param   NUMBER
)
AS
BEGIN
  UPDATE states
  SET population = new_pop_param
  WHERE abbr = state_abbr_param;
END;
/

select * from states;
call state_pop_change('AL', 10);


--2. Create a function that, when given a 2 character state abbreviation, will return state's full name.
CREATE OR REPLACE FUNCTION get_full_name
(
state_abbr_param VARCHAR2
)
RETURN VARCHAR2
AS
 state_full_name VARCHAR2(20);
 BEGIN
  SELECT full --join
  INTO state_full_name
  FROM states
  WHERE abbr = state_abbr_param;
  
  RETURN state_full_name;
  END;
  /
select get_full_name('CO') as state from dual;


--3. Use the function that when given the 2-character abbreviation of a state will return the number of Sears stores closing in the state.
CREATE OR REPLACE FUNCTION number_closing
(
state_abbr_param VARCHAR2
)
RETURN NUMBER
AS
 store_closings NUMBER;
 BEGIN
  SELECT COUNT(*)
  INTO store_closings
  FROM closings
  WHERE state = state_abbr_param;
  
  RETURN store_closings;
  END;
  /
select number_closing('CO') as state from dual;


--4. Create a function that when given the 2-character abbreviation of a state will return the population of the state. 

CREATE OR REPLACE FUNCTION get_state_pop
(
  state_abbr_param VARCHAR2
)
RETURN NUMBER
AS
 state_pop NUMBER;
BEGIN
   SELECT population 
   INTO state_pop
   FROM states
   WHERE abbr = state_abbr_param;
   
   RETURN state_pop;
END;
/
 
SELECT get_state_pop('CO') as state from dual;


--5. Create a function that, when given a brand, will return the total number of that brand's stores closing in the country.
CREATE OR REPLACE FUNCTION number_closing
(
brand_param VARCHAR2
)
RETURN NUMBER
AS
  store_closings NUMBER;
BEGIN
  SELECT COUNT(*)
  INTO store_closings
  FROM closings
  WHERE brand = brand_param;
  
  RETURN store_closings;
END;
/

SELECT number_closing('Sears') FROM dual;